question_id,source_question_number,source_section,source_heading,old_difficulty,old_tags,answer_status,marks_total,image_paths,duplicate_status,duplicate_reference,题目边界完整,英文题干准确,中文题干自然且含义一致,公式符号单位准确,小问顺序与分值完整,必要图片正确,答案与题目对应,答案数学复核结论,新主类型,新标签,新Level,判级证据,疑点,订正内容,订正证据,复核状态,自动验收结果,Joy审批状态,record_status
M2QD-DA-EXAMPLE-Q1,EXAMPLE-Q1,教材例题,应试例题 3.1（完整题）,4,微分的应用；微分以及微分公式；切线；斜率；外点切线；参数；有理函数,source_provided,7,,new,,通过,通过,通过,通过,通过,不适用,通过,通过,切线与法线,过指定点的切线；切点未知,3,需设未知切点、联立导数斜率与外点斜率并按定义域舍根，是标准的过指定点求切线多步骤题，定为 Level 3。,,solution_original: $\frac{108}{h^{2}}=\frac{(26-\frac{108}{h})-20}{h-10}$,"frozen_sources/M2Quick Drill-微分法的应用.mmd.zip 内 ab3a...mmd 第 359–380 行；extracted_reference/v116_import_snapshot.json 的 correction_id=ex-3.1-tangent-slope；独立联立后得 $h=6,30$。",audit_passed,PASS_WITH_REVIEW,未确认,audit_passed
M2QD-DA-EXAMPLE-Q2,EXAMPLE-Q2,教材例题,应试例题 3.2（完整题）,3,微分的应用；微分以及微分公式；极值；最大值；有理函数,source_provided,,,new,,通过,通过,通过,通过,分值未知,不适用,通过,通过,极值与曲线性质,极大点,3,需对有理函数求导、处理 $x=-2$ 的断点并自行选择判别方法筛出极大点，属标准多步骤 Level 3。,,,,audit_passed,PASS_WITH_REVIEW,未确认,audit_passed
M2QD-DA-EXAMPLE-Q3,EXAMPLE-Q3,教材例题,应试例题 3.3（完整题）,4,微分的应用；微分以及微分公式；全局极值；最小值；多项式,source_provided,4,,new,,通过,通过,通过,通过,通过,不适用,通过,通过,最值与最优化,,4,关键在把六次式视为关于 $x^3$ 的二次式完成因式分解，并结合全域端行为判断全局最小值，含关键转换，定为 Level 4。,受控词表缺少全局最值/全局最小值标签，需 Joy 决定扩词或接受空标签。,,,audit_pending,PASS_WITH_REVIEW,未确认,audit_pending
M2QD-DA-EXAMPLE-Q4,EXAMPLE-Q4,教材例题,应试例题 3.4（完整题）,4,微分的应用；微分以及微分公式；二阶导数；拐点；证明题；指数函数,source_provided,6,,adapted,2022-Q4,通过,通过,通过,通过,通过,不适用,通过,通过,极值与曲线性质,拐点,3,需连续两次使用乘积/链式法则，并以二阶导数变号验证两个拐点，属标准多步骤 Level 3。,,solution_original: 在 (a) 补上 $\frac{d^2y}{dx^2}=(-x^2+5x-4)e^{-x}$。,frozen_sources/M2Quick Drill-微分法的应用.mmd.zip 内 ab3a...mmd 第 648–656 行；extracted_reference/v116_import_snapshot.json 的 correction_id=ex-3.4-second-derivative。,audit_passed,PASS_WITH_REVIEW,未确认,audit_passed
M2QD-DA-EXAMPLE-Q5,EXAMPLE-Q5,教材例题,应试例题 3.5（完整题）,2,微分的应用；微分以及微分公式；渐近线；有理函数,source_provided,3,,new,,通过,通过,通过,通过,通过,不适用,通过,通过,极值与曲线性质,渐近线,2,识别分母零点并作一次多项式除法即可得到垂直和斜渐近线，属 2–3 个常规步骤的 Level 2。,,,,audit_passed,PASS_WITH_REVIEW,未确认,audit_passed
M2QD-DA-EXAMPLE-Q6,EXAMPLE-Q6,教材例题,EX-3.6 (editorial stable identifier)（完整题）,5,微分的应用；微分以及微分公式；法线；最优化；面积；相关变化率；变率；对数函数,source_provided,12,,new,,通过,有疑点,通过,有疑点,通过,不适用,通过,通过,综合微分应用,切点未知求法线；几何最优化；相关变化率；面积变化；建立变量关系；综合题目,5,整题串联法线截距、面积最优化及带上界的相关变化率，需自主建立多层变量关系并处理不等式，属高度综合 Level 5。,,question_text_original: Let $P$ be a moving point lying on $C$. $L$ is a line ...；solution_original: $0\le\left.\frac{dA}{dt}\right|_{p=e}\le\frac{e}{\sqrt{e^2+1}}<1$,frozen_sources/M2Quick Drill-微分法的应用.mmd.zip 内 ab3a...mmd 第 1288–1289 行；complete_questions_45.json 的英文仍保留该错误定界。；同一 MMD 第 1361–1365 行直接得到 $dA/dt<1$；当前 complete_questions_45.json 已补入完整链式推导；独立计算紧上界约为 0.938508。,audit_pending,PASS_WITH_REVIEW,未确认,audit_pending
M2QD-DA-EXAMPLE-Q7,EXAMPLE-Q7,教材例题,应试例题 3.7（完整题）,4,微分的应用；微分以及微分公式；相关变化率；变率；隐函数求导；指数函数,source_provided,6,,historical_reference,DSE-2020-Q6,通过,通过,通过,通过,通过,不适用,通过,通过,变率,相关变化率；几何量变化；面积变化；链式法则建模；建立变量关系,4,需把圆面积的给定变率经 $v=2^{u-1}$ 转为 $du/dt$，再传递到三角形面积，属于复杂变量关系建模的 Level 4。,,solution_original: $\frac{dA}{dt}=2\pi\left(u\frac{du}{dt}+v\frac{dv}{dt}\right)=-8\pi$，从而 $\frac{du}{dt}=\frac{-4}{u+2^{2u-2}\ln2}$。,frozen_sources/M2Quick Drill-微分法的应用.mmd.zip 内 ab3a...mmd 第 934–949 行；extracted_reference/v116_import_snapshot.json 的 correction_id=ex-3.7-rate-equation；代入 $u=2$ 后得 $dS/dt=-2$。,audit_passed,PASS_WITH_REVIEW,未确认,audit_passed
M2QD-DA-EXAMPLE-Q8,EXAMPLE-Q8,教材例题,Section B Train-up Zone I 应试例题 1（完整题）,5,微分的应用；微分以及微分公式；极值；切线；二阶导数；凹凸性；指数函数；三角函数,source_provided,9,,adapted,DSE-2023-Q9,通过,有疑点,已规范,通过,通过,不适用,通过,需订正,综合微分应用,极大点；极小点；二阶导数判别法；已知切点求切线；凹凸性；综合题目,4,整题连续考查两阶导数、极值、切线及凹性支撑线性质，并须处理闭区间与切点等号，属多概念整合的 Level 4。,需 Joy 决定是否沿用教材把“lies below”宽松解释为允许在切点相等；严谨数学版本应采用本审计给出的“不高于，且除切点外严格低于”。,"question_text_original: explain why $G$ lies on or below $L$ throughout the interval, and strictly below $L$ except at $x=\pi$；question_text_zh: 解释为什么在该区间内 $G$ 不高于 $L$，且除切点 $(\pi,0)$ 外严格位于 $L$ 下方。；solution_original: Since $f''(x)<0$, $G$ is strictly concave there, so it lies on or below $L$; equality holds only at $x=\pi$.",原始 MMD 第 1220–1226 行及 1273–1284 行；独立代入得 $f(\pi)=L(\pi)=0$，而严格凹性保证其他点 $f(x)<L(x)$。；原始 MMD 第 1226、1281–1284 行；$f(\pi)=L(\pi)=0$。；原始 MMD 第 1273–1285 行；独立数值抽查 $L-f$ 在 $\pi\pm0.1$ 为正、在 $\pi$ 为 0。,audit_pending,PASS_WITH_REVIEW,未确认,audit_pending
M2QD-DA-TRAIN-Q1,TRAIN-Q1,应试训练,应试训练 3 Q1（完整题）,3,微分的应用；微分以及微分公式；切线；隐函数求导,source_provided,6,,historical_reference,DSE-2014-Q3,通过,通过,通过,通过,通过,不适用,通过,通过,切线与法线,切点未知；隐函数求导,3,须先求两个未知切点，再作隐式求导并分别写出切线，属多步骤标准题。,答案来源档案及成员映射尚未在正式记录中改正。,solution_source_file/solution_source_member: 微分的应用甲部.mmd.zip / c2e97ff4-9258-43ff-802f-ac95d2c5c0e2.mmd；solution_source_member_sha256: bfd75702b5abff3f604bfeb722f6ab7cd6c23566d15ea550bbf05be1b4dbbeb0,甲部答案 MMD 第5–30行完整出现本题答案；该成员 SHA-256 为 bfd75702b5abff3f604bfeb722f6ab7cd6c23566d15ea550bbf05be1b4dbbeb0。；对微分的应用甲部.mmd.zip内c2e97ff4-9258-43ff-802f-ac95d2c5c0e2.mmd直接解压计算SHA-256，结果为bfd75702b5abff3f604bfeb722f6ab7cd6c23566d15ea550bbf05be1b4dbbeb0；本题答案见第5–30行。,audit_pending,PASS_WITH_REVIEW,未确认,audit_pending
M2QD-DA-TRAIN-Q2,TRAIN-Q2,应试训练,应试训练 3 Q2（完整题）,4,微分的应用；微分以及微分公式；切线；隐函数求导；外点切线；参数,source_provided,6,,historical_reference,HKDSE-M2-PP-Q9,通过,通过,通过,通过,通过,不适用,通过,通过,切线与法线,过指定点的切线；切点未知；隐函数求导,4,须以未知切点建立切线斜率条件并联立隐式曲线方程，还要排查斜率分母情形。,答案来源档案及成员映射尚未在正式记录中改正。,solution_source_file/solution_source_member: 微分的应用甲部.mmd.zip / c2e97ff4-9258-43ff-802f-ac95d2c5c0e2.mmd；solution_source_member_sha256: bfd75702b5abff3f604bfeb722f6ab7cd6c23566d15ea550bbf05be1b4dbbeb0,甲部答案 MMD 第31–96行完整出现本题答案。；直接解压计算甲部答案成员SHA-256，结果为bfd75702b5abff3f604bfeb722f6ab7cd6c23566d15ea550bbf05be1b4dbbeb0；本题答案见第31–96行。,audit_pending,PASS_WITH_REVIEW,未确认,audit_pending
M2QD-DA-TRAIN-Q3,TRAIN-Q3,应试训练,应试训练 3 Q3（完整题）,3,微分的应用；微分以及微分公式；极值；有理函数,source_provided,,,adapted,M2QD-DA-TRAIN-Q7,通过,通过,通过,通过,有疑点,不适用,通过,通过,极值与曲线性质,极小点,2,求导、解唯一驻点并作一次符号判别即可完成。,正式记录仍缺总分4及正确答案来源映射。,marks_total: 4；solution_source_file/solution_source_member: 微分的应用甲部.mmd.zip / c2e97ff4-9258-43ff-802f-ac95d2c5c0e2.mmd；solution_source_member_sha256: bfd75702b5abff3f604bfeb722f6ab7cd6c23566d15ea550bbf05be1b4dbbeb0,甲部答案 MMD 第98–126行；第106、108、117、125行各1分，第126行为（4）。；甲部答案 MMD 第98–126行完整出现本题答案。；直接解压计算甲部答案成员SHA-256，结果为bfd75702b5abff3f604bfeb722f6ab7cd6c23566d15ea550bbf05be1b4dbbeb0；本题答案见第98–126行。,audit_pending,PASS_WITH_REVIEW,未确认,audit_pending
M2QD-DA-TRAIN-Q4,TRAIN-Q4,应试训练,应试训练 3 Q4（完整题）,4,微分的应用；微分以及微分公式；极值；证明题；对数函数,source_provided,6,,new,,通过,通过,通过,通过,通过,不适用,通过,通过,极值与曲线性质,极大点,3,先作极值判别，再把最大值不等式转换为指数不等式，推理链跨两个小问。,答案来源档案及成员映射尚未在正式记录中改正。,solution_source_file/solution_source_member: 微分的应用甲部.mmd.zip / c2e97ff4-9258-43ff-802f-ac95d2c5c0e2.mmd；solution_source_member_sha256: bfd75702b5abff3f604bfeb722f6ab7cd6c23566d15ea550bbf05be1b4dbbeb0,甲部答案 MMD 第127–176行完整出现本题答案。；直接解压计算甲部答案成员SHA-256，结果为bfd75702b5abff3f604bfeb722f6ab7cd6c23566d15ea550bbf05be1b4dbbeb0；本题答案见第127–176行。,audit_pending,PASS_WITH_REVIEW,未确认,audit_pending
M2QD-DA-TRAIN-Q5,TRAIN-Q5,应试训练,应试训练 3 Q5（完整题）,3,微分的应用；微分以及微分公式；全局极值；最大值；多项式,source_provided,4,,new,,通过,通过,通过,通过,通过,不适用,通过,通过,最值与最优化,极大点,3,须处理三个驻点、比较两个局部极大值，并确认无穷远行为以判定全局最大值。,答案来源档案及成员映射尚未在正式记录中改正。,solution_source_file/solution_source_member: 微分的应用甲部.mmd.zip / c2e97ff4-9258-43ff-802f-ac95d2c5c0e2.mmd；solution_source_member_sha256: bfd75702b5abff3f604bfeb722f6ab7cd6c23566d15ea550bbf05be1b4dbbeb0,甲部答案 MMD 第177–199行完整出现本题答案。；直接解压计算甲部答案成员SHA-256，结果为bfd75702b5abff3f604bfeb722f6ab7cd6c23566d15ea550bbf05be1b4dbbeb0；本题答案见第177–199行。,audit_pending,PASS_WITH_REVIEW,未确认,audit_pending
M2QD-DA-TRAIN-Q6,TRAIN-Q6,应试训练,应试训练 3 Q6（完整题）,4,微分的应用；微分以及微分公式；全局极值；最小值；端点检验；多项式,source_provided,4,,new,,通过,通过,通过,通过,通过,不适用,通过,通过,最值与最优化,极小点；区间最值；端点比较,3,除驻点判别外，还必须处理半闭定义域的端点并比较候选值。,答案来源档案及成员映射尚未在正式记录中改正。,solution_source_file/solution_source_member: 微分的应用甲部.mmd.zip / c2e97ff4-9258-43ff-802f-ac95d2c5c0e2.mmd；solution_source_member_sha256: bfd75702b5abff3f604bfeb722f6ab7cd6c23566d15ea550bbf05be1b4dbbeb0,甲部答案 MMD 第200–227行完整出现本题答案。；直接解压计算甲部答案成员SHA-256，结果为bfd75702b5abff3f604bfeb722f6ab7cd6c23566d15ea550bbf05be1b4dbbeb0；本题答案见第200–227行。,audit_pending,PASS_WITH_REVIEW,未确认,audit_pending
M2QD-DA-TRAIN-Q7,TRAIN-Q7,应试训练,应试训练 3 Q7（完整题）,3,微分的应用；微分以及微分公式；二阶导数；拐点；有理函数,source_provided,,,adapted,M2QD-DA-TRAIN-Q3,通过,通过,通过,通过,有疑点,不适用,通过,需订正,极值与曲线性质,拐点；凹凸性,3,须连续求两阶导数、因式分解，并验证二阶导数在两个候选点均变号。,正式记录仍缺总分6、完整最终结论及正确答案来源映射。,"marks_total: 6；solution_original: 全部拐点为 $(-1,0)$ 与 $(1,0)$。；solution_source_file/solution_source_member: 微分的应用甲部.mmd.zip / c2e97ff4-9258-43ff-802f-ac95d2c5c0e2.mmd；solution_source_member_sha256: bfd75702b5abff3f604bfeb722f6ab7cd6c23566d15ea550bbf05be1b4dbbeb0",甲部答案 MMD 第228–258行；各评分标记合计6分，第258行为（6）。；甲部答案 MMD 第251–258行在两个函数值后直接进入评分及下一题；独立复算 $f''$ 在 $x=\pm1$ 两处均变号。；甲部答案 MMD 第228–258行完整出现本题答案。；直接解压计算甲部答案成员SHA-256，结果为bfd75702b5abff3f604bfeb722f6ab7cd6c23566d15ea550bbf05be1b4dbbeb0；本题答案见第228–258行。,audit_pending,PASS_WITH_REVIEW,未确认,audit_pending
M2QD-DA-TRAIN-Q8,TRAIN-Q8,应试训练,应试训练 3 Q8（完整题）,4,微分的应用；微分以及微分公式；二阶导数；拐点；证明题；指数函数,source_provided,6,,adapted,DSE-2022-Q4,通过,通过,通过,通过,通过,不适用,通过,通过,极值与曲线性质,拐点；凹凸性,3,须两次使用乘积及链式法则，再解二次方程并用变号判定两处拐点。,答案来源档案及成员映射尚未在正式记录中改正。,solution_original: 求得两个根的步骤只保留一个1M，使(a)3分、(b)3分，总分为6分。；solution_source_file/solution_source_member: 微分的应用甲部.mmd.zip / c2e97ff4-9258-43ff-802f-ac95d2c5c0e2.mmd；solution_source_member_sha256: bfd75702b5abff3f604bfeb722f6ab7cd6c23566d15ea550bbf05be1b4dbbeb0,甲部答案 MMD 第259–298行；v116_import_snapshot.json 的 train-q08-duplicate-mark-token 亦记录同一出版社评分标记校订。；甲部答案 MMD 第259–298行完整出现本题答案。；直接解压计算甲部答案成员SHA-256，结果为bfd75702b5abff3f604bfeb722f6ab7cd6c23566d15ea550bbf05be1b4dbbeb0；本题答案见第259–298行。,audit_pending,PASS_WITH_REVIEW,未确认,audit_pending
M2QD-DA-TRAIN-Q9,TRAIN-Q9,应试训练,应试训练 3 Q9（完整题）,2,微分的应用；微分以及微分公式；渐近线；有理函数,source_provided,3,,new,,通过,通过,通过,通过,通过,不适用,通过,通过,极值与曲线性质,渐近线,2,检查分母零点并作一次多项式除法即可得到两条渐近线。,答案来源档案及成员映射尚未在正式记录中改正。,solution_source_file/solution_source_member: 微分的应用甲部.mmd.zip / c2e97ff4-9258-43ff-802f-ac95d2c5c0e2.mmd；solution_source_member_sha256: bfd75702b5abff3f604bfeb722f6ab7cd6c23566d15ea550bbf05be1b4dbbeb0,甲部答案 MMD 第300–311行完整出现本题答案。；直接解压计算甲部答案成员SHA-256，结果为bfd75702b5abff3f604bfeb722f6ab7cd6c23566d15ea550bbf05be1b4dbbeb0；本题答案见第300–311行。,audit_pending,PASS_WITH_REVIEW,未确认,audit_pending
M2QD-DA-TRAIN-Q10,TRAIN-Q10,应试训练,应试训练 3 Q10（完整题）,4,微分的应用；微分以及微分公式；渐近线；二阶导数；拐点；有理函数,source_provided,6,,adapted,DSE-2021-Q5,通过,通过,通过,通过,通过,不适用,通过,通过,极值与曲线性质,渐近线；拐点；凹凸性,4,须识别立方展开作关键化简，并跨渐近线、一阶导数、二阶导数及定义域整合判断。,答案来源档案及成员映射尚未在正式记录中改正。,solution_source_file/solution_source_member: 微分的应用甲部.mmd.zip / c2e97ff4-9258-43ff-802f-ac95d2c5c0e2.mmd；solution_source_member_sha256: bfd75702b5abff3f604bfeb722f6ab7cd6c23566d15ea550bbf05be1b4dbbeb0,甲部答案 MMD 第313–334行完整出现本题答案。；直接解压计算甲部答案成员SHA-256，结果为bfd75702b5abff3f604bfeb722f6ab7cd6c23566d15ea550bbf05be1b4dbbeb0；本题答案见第313–334行。,audit_pending,PASS_WITH_REVIEW,未确认,audit_pending
M2QD-DA-TRAIN-Q11,TRAIN-Q11,应试训练,应试训练 3 Q11（完整题）,5,微分的应用；微分以及微分公式；极值；渐近线；拐点；曲线作图；有理函数,source_provided,8,,adapted,DSE-2013-Q5,通过,通过,已规范,通过,通过,不适用,通过,通过,极值与曲线性质,极大点；极小点；拐点；渐近线；曲线作图,4,须综合两阶导数符号、间断点、斜渐近线和极值信息完成整幅曲线。,答案来源档案及成员映射尚未在正式记录中改正。,question_text_zh: （“+”和“−”分别表示“正值”和“负值”。）；solution_source_file/solution_source_member: 微分的应用甲部.mmd.zip / c2e97ff4-9258-43ff-802f-ac95d2c5c0e2.mmd；solution_source_member_sha256: bfd75702b5abff3f604bfeb722f6ab7cd6c23566d15ea550bbf05be1b4dbbeb0,题目 MMD 第871行；英文对应说明见第855行，符号表见第849–854行。；甲部答案 MMD 第336–365行；曲线图为 c2e97ff4-9258-43ff-802f-ac95d2c5c0e2-06_644_1010_242_343.jpg，SHA-256 0b12a704a1a6765e08d8f5ec77562a1f157fcfaab2739cf9b11f656ffc103814。；直接解压计算甲部答案成员SHA-256，结果为bfd75702b5abff3f604bfeb722f6ab7cd6c23566d15ea550bbf05be1b4dbbeb0；本题答案见第336–365行。,audit_pending,PASS_WITH_REVIEW,未确认,audit_pending
M2QD-DA-TRAIN-Q12,TRAIN-Q12,应试训练,应试训练 3 Q12（完整题）,5,微分的应用；微分以及微分公式；极值；渐近线；拐点；曲线作图；有理函数,source_provided,8,,historical_reference,DSE-2013-Q5,通过,通过,已规范,通过,通过,不适用,通过,通过,极值与曲线性质,极大点；极小点；拐点；渐近线；曲线作图,4,须综合间断点、两阶导数符号、三条渐近线与偶对称性完成曲线全局分析。,答案来源档案及成员映射尚未在正式记录中改正。,question_text_zh: （“+”和“−”分别表示“正值”和“负值”。）；solution_source_file/solution_source_member: 微分的应用甲部.mmd.zip / c2e97ff4-9258-43ff-802f-ac95d2c5c0e2.mmd；solution_source_member_sha256: bfd75702b5abff3f604bfeb722f6ab7cd6c23566d15ea550bbf05be1b4dbbeb0,题目 MMD 第905行；英文对应说明见第889行，符号表见第883–888行。；甲部答案 MMD 第367–383行；曲线图为 c2e97ff4-9258-43ff-802f-ac95d2c5c0e2-06_402_804_1622_347.jpg，SHA-256 23990703bb7a2d8b7da866001b01a80da8a3292cdd7f92d5a7872434996792ac。；直接解压计算甲部答案成员SHA-256，结果为bfd75702b5abff3f604bfeb722f6ab7cd6c23566d15ea550bbf05be1b4dbbeb0；本题答案见第367–383行。,audit_pending,PASS_WITH_REVIEW,未确认,audit_pending
M2QD-DA-TRAIN-Q13,TRAIN-Q13,应试训练,应试训练 3 Q13（完整题）,3,微分的应用；微分以及微分公式；相关变化率；变率；水深,source_provided,,,new,,通过,通过,通过,通过,有疑点,不适用,通过,通过,变率,相关变化率；体积变化,2,体积关系及即时数据均已给出，只需一次链式相关变化率并处理漏出负号。,正式记录仍缺总分3及正确答案来源映射。,marks_total: 3；solution_source_file/solution_source_member: 微分的应用甲部.mmd.zip / c2e97ff4-9258-43ff-802f-ac95d2c5c0e2.mmd；solution_source_member_sha256: bfd75702b5abff3f604bfeb722f6ab7cd6c23566d15ea550bbf05be1b4dbbeb0,甲部答案 MMD 第385–405行；第392、402、403行各1分，第404行为（3）。；甲部答案 MMD 第385–405行完整出现本题答案。；直接解压计算甲部答案成员SHA-256，结果为bfd75702b5abff3f604bfeb722f6ab7cd6c23566d15ea550bbf05be1b4dbbeb0；本题答案见第385–405行。,audit_pending,PASS_WITH_REVIEW,未确认,audit_pending
M2QD-DA-TRAIN-Q14,TRAIN-Q14,应试训练,应试训练 3 Q14（完整题）,4,微分的应用；微分以及微分公式；相关变化率；变率；面积；对数函数,source_provided,5,,historical_reference,DSE-2016-Q3,通过,通过,通过,通过,通过,不适用,通过,通过,变率,相关变化率；面积变化；建立变量关系,3,须先建立面积及边长关于 $u$ 的两个关系，再连续转换两次变化率。,答案来源档案及成员映射尚未在正式记录中改正。,solution_source_file/solution_source_member: 微分的应用甲部.mmd.zip / c2e97ff4-9258-43ff-802f-ac95d2c5c0e2.mmd；solution_source_member_sha256: bfd75702b5abff3f604bfeb722f6ab7cd6c23566d15ea550bbf05be1b4dbbeb0,甲部答案 MMD 第407–448行完整出现本题答案。；直接解压计算甲部答案成员SHA-256，结果为bfd75702b5abff3f604bfeb722f6ab7cd6c23566d15ea550bbf05be1b4dbbeb0；本题答案见第407–448行。,audit_pending,PASS_WITH_REVIEW,未确认,audit_pending
M2QD-DA-PARTA-Q1,PARTA-Q1,甲部特训,甲部应试特训 3 Q1（完整题）,3,微分的应用；微分以及微分公式；切线；隐函数求导,source_provided,4,,historical_reference,HKDSE Math M2 SP Q6,通过,通过,通过,通过,通过,不适用,通过,通过,切线与法线,已知切点求切线；隐函数求导,2,已知切点后作隐函数求导并写点斜式，属于数步直接应用。,,,,audit_passed,PASS_WITH_REVIEW,未确认,audit_passed
M2QD-DA-PARTA-Q2,PARTA-Q2,甲部特训,甲部应试特训 3 Q2（完整题）,3,微分的应用；微分以及微分公式；切线；平行切线；多项式,source_provided,4,,historical_reference,HKDSE Math M2 PP Q9,通过,通过,通过,通过,通过,不适用,通过,通过,切线与法线,与指定直线平行的切线；切点未知,3,需由平行条件求出两个未知切点，再分别写出两条切线，属于多步骤标准题。,,,,audit_passed,PASS_WITH_REVIEW,未确认,audit_passed
M2QD-DA-PARTA-Q3,PARTA-Q3,甲部特训,甲部应试特训 3 Q3（完整题）,5,微分的应用；微分以及微分公式；切线；截距；有理函数,source_provided,6,,new,,通过,通过,通过,通过,通过,不适用,通过,通过,切线与法线,过指定点的切线；切点未知,4,需把给定截距转化为过定点条件，以未知切点建立切线约束并处理四次代数式。,,,,audit_passed,PASS_WITH_REVIEW,未确认,audit_passed
M2QD-DA-PARTA-Q4,PARTA-Q4,甲部特训,甲部应试特训 3 Q4（完整题）,3,微分的应用；微分以及微分公式；极值；最大值；三角函数,source_provided,3,,historical_reference,DSE-2012-Q5,通过,通过,通过,通过,通过,不适用,通过,通过,极值与曲线性质,极大点,2,求导、解标准三角方程并作一次符号判别即可。,,,,audit_passed,PASS_WITH_REVIEW,未确认,audit_passed
M2QD-DA-PARTA-Q5,PARTA-Q5,甲部特训,甲部应试特训 3 Q5（完整题）,3,微分的应用；微分以及微分公式；转向点；最小值；指数函数,source_provided,3,,historical_reference,DSE-2012-Q5,通过,通过,通过,通过,通过,不适用,通过,通过,极值与曲线性质,极小点,2,指数式求导后解一个直接驻点方程并分类，步骤常规。,,,,audit_passed,PASS_WITH_REVIEW,未确认,audit_passed
M2QD-DA-PARTA-Q6,PARTA-Q6,甲部特训,甲部应试特训 3 Q6（完整题）,4,微分的应用；微分以及微分公式；全局极值；闭区间；指数函数,source_provided,5,,new,,通过,通过,通过,通过,通过,不适用,有疑点,需订正,最值与最优化,区间最值；端点比较,3,需找两个驻点并与闭区间两端点的函数值完整比较。,,solution_original: 补充：最大值为 $e^3$，在 $x=-1$ 处取得。,"答案原始MMD第614–626行；独立比较 $e^3,0,4/(9e^2),e^{-3}$ 得最大值 $e^3$。",audit_pending,PASS_WITH_REVIEW,未确认,audit_pending
M2QD-DA-PARTA-Q7,PARTA-Q7,甲部特训,甲部应试特训 3 Q7（完整题）,4,微分的应用；微分以及微分公式；全局极值；闭区间；对数函数,source_provided,5,,adapted,2026-Q1,通过,通过,通过,通过,通过,不适用,通过,通过,最值与最优化,区间最值；端点比较,3,需处理对数函数驻点、闭区间条件及端点比较，属于标准多步骤最值题。,,,,audit_passed,PASS_WITH_REVIEW,未确认,audit_passed
M2QD-DA-PARTA-Q8,PARTA-Q8,甲部特训,甲部应试特训 3 Q8（完整题）,4,微分的应用；微分以及微分公式；参数；极值；二阶导数；拐点；证明题；有理函数,source_provided,6,,historical_reference,DSE-2018-Q8,通过,通过,通过,通过,通过,不适用,通过,通过,极值与曲线性质,拐点,3,先由极值反求参数，再以二阶导数变号判定两个拐点，符合多步骤标准DSE题。,,,,audit_passed,PASS_WITH_REVIEW,未确认,audit_passed
M2QD-DA-PARTA-Q9,PARTA-Q9,甲部特训,甲部应试特训 3 Q9（完整题）,4,微分的应用；微分以及微分公式；参数；极值；渐近线；有理函数,source_provided,7,,new,,通过,通过,通过,通过,通过,不适用,通过,通过,极值与曲线性质,极大点；极小点；渐近线,3,需由渐近线和截点反求参数，再连续处理斜渐近线与局部极值。,,,,audit_passed,PASS_WITH_REVIEW,未确认,audit_passed
M2QD-DA-PARTA-Q10,PARTA-Q10,甲部特训,甲部应试特训 3 Q10（完整题）,4,微分的应用；微分以及微分公式；极值；拐点；曲线作图；多项式,source_provided,6,,new,,通过,通过,通过,通过,通过,不适用,通过,通过,极值与曲线性质,极大点；极小点；拐点；曲线作图,3,在限定区间内连续完成转向点、拐点与图像整合，属于多步骤标准曲线分析。,,,,audit_passed,PASS_WITH_REVIEW,未确认,audit_passed
M2QD-DA-PARTA-Q11,PARTA-Q11,甲部特训,甲部应试特训 3 Q11（完整题）,5,微分的应用；微分以及微分公式；参数；单调性；证明题；拐点；渐近线；曲线作图；有理函数,source_provided,7,,new,,通过,通过,通过,通过,通过,不适用,通过,通过,极值与曲线性质,渐近线；拐点；曲线作图,4,需先由截距和渐近线反求参数，再整合单调性、拐点定义域与双支图像。,,,,audit_passed,PASS_WITH_REVIEW,未确认,audit_passed
M2QD-DA-PARTA-Q12,PARTA-Q12,甲部特训,甲部应试特训 3 Q12（完整题）,4,微分的应用；微分以及微分公式；相关变化率；变率；圆锥；面积；体积,source_provided,7,,historical_reference,DSE-2017-Q6,通过,通过,通过,通过,通过,不适用,通过,通过,变率,相关变化率；几何量变化；面积变化；体积变化；建立变量关系,4,需以相似圆锥同时建立面积与体积关系，再串联两个相关变率。,,,,audit_passed,PASS_WITH_REVIEW,未确认,audit_passed
M2QD-DA-PARTA-Q13,PARTA-Q13,甲部特训,综合 应试技巧 Q13（完整题）,3,微分的应用；微分以及微分公式；基本原理求导；切线；斜率；不等式,source_provided,4,,historical_reference,DSE-2014-Q2,通过,通过,通过,通过,通过,不适用,有疑点,需订正,极值与曲线性质,,3,需从极限定义完整化简导数，再处理含定义域的有理不等式；受控标签表没有“基本原理求导/单调区间”专标签。,受控标签词表缺少“从基本原理求导”和“切线斜率为正的取值区间”对应标签；需Joy决定保持 tags=[]，或在后续词表版本增补受控标签。,solution_original: 补全差商化简：$\lim_{h\to0}(1-1/[x(x+h)])=1-1/x^2$，并注明 $x\ne0$。,答案原始MMD第868–880行后直接跳至(b)第881行；独立按导数定义化简得 $1-1/x^2$。,audit_pending,PASS_WITH_REVIEW,未确认,audit_pending
M2QD-DA-PARTA-Q14,PARTA-Q14,甲部特训,综合 应试技巧 Q14（完整题）,3,微分的应用；微分以及微分公式；导数图像；切线；斜率；转向点；极值,source_provided,5,,new,,通过,通过,通过,通过,通过,不适用,通过,通过,极值与曲线性质,极小点,2,由两截距直接写出导函数直线，再代入及作一次二阶导数判定。,,,,audit_passed,PASS_WITH_REVIEW,未确认,audit_passed
M2QD-DA-PARTA-Q15,PARTA-Q15,甲部特训,综合 应试技巧 Q15（完整题）,5,微分的应用；微分以及微分公式；单调性；证明题；二阶导数；拐点；切线；凹凸性,source_provided,8,,new,,通过,通过,通过,通过,通过,不适用,通过,通过,极值与曲线性质,切点未知；拐点；凹凸性,4,需从给定一阶导数证明单调、反求拐点、建立切线并用凹性作全区间解释。,,,,audit_passed,PASS_WITH_REVIEW,未确认,audit_passed
M2QD-DA-PARTA-Q16,PARTA-Q16,甲部特训,综合 应试技巧 Q16（完整题）,5,微分的应用；微分以及微分公式；渐近线；一阶导数；二阶导数；转向点；拐点；有理函数,source_provided,9,,historical_reference,DSE-2020-Q9,通过,有疑点,已规范,有疑点,通过,不适用,有疑点,需订正,极值与曲线性质,渐近线；极小点；拐点,4,整合有理函数除法、导数因式符号、非转向驻点、渐近线与拐点，条件处理密集。,,"question_text_original: (b) Find $f^{\prime}(x)$.；question_text_zh: (b) 求 $f'(x)$。；solution_original: 补充 $f(-5)=0$，故拐点为 $(-5,0)$。",题目原始MMD第1175–1180行；答案原始MMD第991–1001行及第1013行。当前45题JSON亦已采用 $f'(x)$，但未保留校订证据。；题目原始MMD第1184–1190行与答案原始MMD第991–1013行对照。；答案原始MMD第1013–1023行；独立代入 $f(-5)=0$。,audit_pending,PASS_WITH_REVIEW,未确认,audit_pending
M2QD-DA-PARTA-Q17,PARTA-Q17,甲部特训,综合 应试技巧 Q17（完整题）,5,微分的应用；微分以及微分公式；切线；相关变化率；变率；面积；对数函数,source_provided,8,,historical_reference,DSE-2018-Q9,通过,通过,通过,通过,通过,不适用,通过,通过,综合微分应用,相关变化率；面积变化；链式法则建模；建立变量关系；综合题目,4,先以切线建立动态截点，再联立距离速率和三角形面积速率，跨切线与变率两板块。,,,,audit_passed,PASS_WITH_REVIEW,未确认,audit_passed
M2QD-DA-PARTB-Q1,PARTB-Q1,乙部特训,乙部应试特训 1 Q1（完整题）,5,微分的应用；微分以及微分公式；极值；拐点；渐近线；曲线作图；有理函数,source_provided,13,,adapted,DSE-2022-Q9,通过,通过,已规范,通过,通过,不适用,通过,通过,极值与曲线性质,驻点；极大点；极小点；一阶导数判别法；拐点；渐近线；曲线作图；综合题目,4,需在间断点两侧完成一阶、二阶导数符号分析并整合极值、拐点、渐近线与草图，属于高负担的标准综合曲线分析，但核心关系均已给出，评为L4。,,solution_original: 清理重复与错位段落，保留正确的一、二阶导数推导，并用经复核的文字条件补全草图答案。；question_text_zh: 求曲线与x轴及y轴的截距；求所有极值点及拐点，并补回各小问分值。,微分应用乙部答案MMD第13–34行及第79行；独立有限差分复算通过。；题目MMD第1372–1404行。,audit_passed,PASS_WITH_REVIEW,未确认,audit_passed
M2QD-DA-PARTB-Q2,PARTB-Q2,乙部特训,乙部应试特训 1 Q2（完整题）,5,微分的应用；微分以及微分公式；参数；渐近线；交点；曲线作图；有理函数,source_provided,14,,new,,通过,通过,已规范,通过,通过,不适用,通过,通过,极值与曲线性质,渐近线；曲线作图；综合题目,4,需由截距及两类渐近线反推三个参数，再处理互为倒数的曲线、导数符号和联合草图，概念整合与条件处理均较强，评为L4。,,question_text_zh: 删除多余括号，并把“已知C2”改为“另设C2”，统一标点与数学间距。；solution_original: 删除重复行，并以截距、渐近线、交点及单调性完整说明草图。,题目MMD第1406–1435行。；微分应用乙部答案MMD第82–137行。,audit_passed,PASS_WITH_REVIEW,未确认,audit_passed
M2QD-DA-PARTB-Q3,PARTB-Q3,乙部特训,乙部应试特训 1 Q3（完整题）,5,微分的应用；微分以及微分公式；极值；拐点；渐近线；曲线作图；有理函数,source_provided,13,,historical_reference,HKALE Pure Mathematics 2006 Paper 2 Q7,通过,通过,已规范,通过,通过,不适用,有疑点,需订正,极值与曲线性质,驻点；极大点；极小点；一阶导数判别法；拐点；渐近线；曲线作图；综合题目,4,需识别间断点处凹凸性改变并不构成拐点，同时完成极值、斜渐近线和草图分析，条件辨析是主要难点，评为L4。,,"question_text_zh: 局部极值点；solution_original: 曲线标签应为 $y=x-\frac{x}{x+1}=x-1+\frac{1}{x+1}$；保留渐近线 $x=-1$、$y=x-1$ 及极值点 $(-2,-4)$、$(0,0)$。；solution_original: 恢复干净导数公式，并用渐近线、极值点、单调性与凹凸性补全草图要求。",题目MMD第1438–1475行。；乙部答案MMD第141–215行及图片 d6fb2fbd-e521-4477-bb10-ce3f58210ca8-5_925_784_249_350.jpg；独立代数复算。；微分应用乙部答案MMD第141–215行；独立有限差分复算通过。,audit_pending,PASS_WITH_REVIEW,未确认,audit_pending
M2QD-DA-PARTB-Q4,PARTB-Q4,乙部特训,乙部应试特训 1 Q4（完整题）,5,微分的应用；微分以及微分公式；相关变化率；变率；隐函数求导；几何；角度,source_provided,13,extracted_reference/source_images/M2QD_DA_PARTB_Q4_Figure1.jpg,new,,通过,通过,已规范,通过,通过,通过,通过,通过,变率,相关变化率；几何量变化；链式法则建模；隐函数求导；建立变量关系；综合题目,5,必须从复杂相切几何中自行构造余弦关系，再连接两层变化率与三角函数关系，建模和推导链均达到最高档，评为L5。,,question_text_zh: 恒定速率；棒MN与水平面的夹角，并规范单位为 m s^{-1}。,题目MMD第1477–1506行。,audit_passed,PASS_WITH_REVIEW,未确认,audit_passed
M2QD-DA-PARTB-Q5,PARTB-Q5,乙部特训,乙部应试特训 1 Q5（完整题）,5,微分的应用；微分以及微分公式；最优化；相关变化率；变率；面积；证明题；抛物线,source_provided,12,,historical_reference,DSE-2018-Q9,通过,通过,已规范,通过,通过,不适用,通过,通过,综合微分应用,区间最值；几何最优化；相关变化率；面积变化；链式法则建模；建立变量关系；综合题目,5,同题连续考查面积建模、区间最大值、由OP反求参数变化率及反例判断，需跨最优化与变率组织长推导，评为L5。,,solution_original: A=k\sqrt{1-k}。；question_text_zh: 达到最大值；面积的变化率，并补全(d)的2分标记。,微分应用乙部答案MMD第314–327行；独立代数与数值复算得到 dA/dt=-√42。；题目MMD第1508–1535行。,audit_passed,PASS_WITH_REVIEW,未确认,audit_passed
M2QD-DA-PARTB-Q6,PARTB-Q6,乙部特训,乙部应试特训 1 Q6（完整题）,5,微分的应用；微分以及微分公式；最优化；相关变化率；变率；距离；面积；周界；证明题,source_provided,13,,adapted,DSE-2021-Q10,通过,通过,已规范,通过,通过,不适用,通过,通过,综合微分应用,几何最优化；相关变化率；几何量变化；链式法则建模；建立变量关系；综合题目,5,先最小化两根式距离，再反驳面积结论，最后把OP的给定变化率转换为参数变化率并合成三边周长变化率，推导链与整合度均最高，评为L5。,,question_text_zh: 取得最小值；声称；周长的变化率。,题目MMD第1539–1569行。,audit_passed,PASS_WITH_REVIEW,未确认,audit_passed
